<?xml version="1.0" encoding="UTF-8"?>
<!DOCTYPE configuration
        PUBLIC "-//mybatis.org//DTD Config 3.0//EN"
        "http://mybatis.org/dtd/mybatis-3-config.dtd">
<!--以上是引入的相关约束-->

<configuration>
    <!--引入jdbc.properties文件-->
    <properties resource="jdbc.properties"></properties>
    <!--    配置数据库-->
    <environments default="mysql">
        <environment id="mysql">
            <transactionManager type="JDBC"></transactionManager>
            <dataSource type="POOLED">
                <!--                注入数据源-->
                <property name="driver" value="${jdbc.driver}"/>
                <property name="url" value="${jdbc.url}"/>
                <property name="username" value="${jdbc.username}"/>
                <property name="password" value="${jdbc.password}"/>

            </dataSource>
        </environment>
    </environments>

    <!--    开启要扫描的包-->
    <mappers>
        <package name="com.shipping.dao"/>
    </mappers>
</configuration>
